<?xml version="1.0" encoding="utf-8"?>
<install type="component" version="1.5.0">
	<name>Reports</name>
	<!-- The following elements are optional and free of formatting conttraints -->
	<creationDate>2007-02-22</creationDate>
	<author>Савчин Дмитрий</author>
	<authorEmail>minskowl@yandex.ru</authorEmail>
	<authorUrl>http://www.example.org</authorUrl>
	<copyright>Copyright Info</copyright>
	<license>License Info</license>
	<!--  The version string is recorded in the components table -->
	<version>1.08</version>
	<!-- The description is optional and defaults to the name -->
	<description>Репорты клиентов из 1С ...</description>


	<!-- Site Main File Copy Section -->
	<files folder="site">
		<filename>controller.php</filename>
		<filename>reports.php</filename>
		<filename>index.html</filename>
		<filename>file.php</filename>	
		<filename>models/reports.php</filename>
		<filename>models/index.html</filename>		
		<filename>views/index.html</filename>	
		<filename>views/reports/index.html</filename>
		<filename>views/reports/view.html.php</filename>
		<filename>views/reports/tmpl/index.html</filename>
		<filename>views/reports/tmpl/default.php</filename>
		<filename>views/reports/tmpl/paymentList.php</filename>		
		<filename>views/reports/tmpl/archivedocuments.php</filename>			
		<filename>views/reports/tmpl/header.php</filename>		
		<filename>views/reports/tmpl/lift.php</filename>	
		<filename>views/reports/tmpl/request.php</filename>	
		<filename>views/reports/tmpl/requestlist.php</filename>		
		<filename>views/reports/tmpl/tolist.php</filename>		
		<filename>views/reports/tmpl/footer.php</filename>				
	</files>

	<administration>
		<!-- Administration Menu Section -->
		<!--menu>1С Репорты</menu-->
		
		<!-- Administration Main File Copy Section -->
		<!-- Note the folder attribute: This attribute describes the folder
			to copy FROM in the package to install therefore files copied
			in this section are copied from /admin/ in the package -->
		<files folder="admin">
			<!-- Site Main File Copy Section -->
			<!--filename>reports.php</filename-->
			<filename>index.html</filename>
			<!--filename>config.xml</filename-->			
			<!--filename>install.sql</filename>
			<filename>uninstall.sql</filename>
			<filename>controller.php</filename>
			<filename>controllers/hello.php</filename>
			<filename>controllers/index.html</filename>
			<filename>models/hellos.php</filename>
			<filename>models/hello.php</filename>
			<filename>models/index.html</filename>
			<filename>tables/hello.php</filename>
			<filename>tables/index.html</filename>
			<filename>views/hello/view.html.php</filename>
			<filename>views/hello/tmpl/form.php</filename>
			<filename>views/hello/index.html</filename>
			<filename>views/hello/tmpl/index.html</filename>
			<filename>views/hellos/view.html.php</filename>
			<filename>views/hellos/index.html</filename>
			<filename>views/hellos/tmpl/default.php</filename>
			<filename>views/hellos/tmpl/index.html</filename-->
		</files>		
	</administration>
	
	<params>
		<param type="text" name="dbPath" default="data/reports/test.db" label="Database path:" description="Database path" />
		<param type="text" name="paymentPath" default="/data/reports/payments/" label="Payments path:" description="Payments path" />		
     </params>
</install>
